{
  "generated_at": "2025-10-08T00:51:35.469865",
  "total_sections": 1,
  "sitc_sections": [
    {
      "sitc_section": "Unknown",
      "section_name": "SITC Section Unknown",
      "total_value": 4144.74,
      "commodity_count": 1,
      "quarterly_values": {
        "2023Q1": 367.63222524835396,
        "2023Q2": 453.500666890761,
        "2023Q3": 349.6248641618862,
        "2023Q4": 352.677606802025,
        "2024Q1": 401.1771352919674,
        "2024Q2": 508.9585074779762,
        "2024Q3": 626.6665457104766,
        "2024Q4": 626.0612724522721,
        "2025Q1": 458.44023356171647
      }
    }
  ]
}