{
  "generated_at": "2025-10-08T00:51:35.473254",
  "total_countries": 20,
  "total_export_value": 4144.73,
  "countries": [
    {
      "rank": 1,
      "country": "United Arab Emirates",
      "total_value_2022_2025": 2759.32,
      "q4_2024_value": 442.55,
      "share_percentage": 66.57,
      "growth_rate": -34.75,
      "trend": "Declining",
      "trend_class": "danger",
      "quarters_count": 9,
      "quarterly_breakdown": {
        "2023Q1": 211.59547680912516,
        "2023Q2": 321.5667351898509,
        "2023Q3": 203.48599686973355,
        "2023Q4": 215.06638888780282,
        "2024Q1": 268.67271469094396,
        "2024Q2": 360.6197369274398,
        "2024Q3": 447.01299991649586,
        "2024Q4": 442.54866971286356,
        "2025Q1": 288.74992491014586
      }
    },
    {
      "rank": 2,
      "country": "Democratic Republic of the Congo",
      "total_value_2022_2025": 468.45,
      "q4_2024_value": 72.15,
      "share_percentage": 11.3,
      "growth_rate": -23.83,
      "trend": "Declining",
      "trend_class": "danger",
      "quarters_count": 9,
      "quarterly_breakdown": {
        "2023Q1": 44.31962833433485,
        "2023Q2": 38.17769032572402,
        "2023Q3": 51.12107401344382,
        "2023Q4": 47.00709930620905,
        "2024Q1": 51.025257005762704,
        "2024Q2": 47.52663133276012,
        "2024Q3": 62.16816831927646,
        "2024Q4": 72.14630396888077,
        "2025Q1": 54.95579188274692
      }
    },
    {
      "rank": 3,
      "country": "China",
      "total_value_2022_2025": 191.21,
      "q4_2024_value": 20.43,
      "share_percentage": 4.61,
      "growth_rate": 14.79,
      "trend": "Strong Growth",
      "trend_class": "success",
      "quarters_count": 9,
      "quarterly_breakdown": {
        "2023Q1": 21.49010494383013,
        "2023Q2": 19.429222127239324,
        "2023Q3": 23.416293033824644,
        "2023Q4": 19.102856196330777,
        "2024Q1": 17.7477313276392,
        "2024Q2": 23.31786906695751,
        "2024Q3": 22.834345450736837,
        "2024Q4": 20.42731227798233,
        "2025Q1": 23.448120990553445
      }
    },
    {
      "rank": 4,
      "country": "Luxembourg",
      "total_value_2022_2025": 83.53,
      "q4_2024_value": 14.1,
      "share_percentage": 2.02,
      "growth_rate": -15.06,
      "trend": "Declining",
      "trend_class": "danger",
      "quarters_count": 9,
      "quarterly_breakdown": {
        "2023Q1": 2.1116192088083743,
        "2023Q2": 3.6188236790017,
        "2023Q3": 2.383613600466215,
        "2023Q4": 8.009452373715732,
        "2024Q1": 12.072544018847726,
        "2024Q2": 15.48006782463269,
        "2024Q3": 13.768811171215518,
        "2024Q4": 14.104303092608355,
        "2025Q1": 11.979704451952047
      }
    },
    {
      "rank": 5,
      "country": "United Kingdom",
      "total_value_2022_2025": 82.05,
      "q4_2024_value": 9.31,
      "share_percentage": 1.98,
      "growth_rate": -0.52,
      "trend": "Declining",
      "trend_class": "danger",
      "quarters_count": 9,
      "quarterly_breakdown": {
        "2023Q1": 11.75842177993817,
        "2023Q2": 9.581520919280969,
        "2023Q3": 7.7428623155738885,
        "2023Q4": 7.950727229626459,
        "2024Q1": 7.6212913153684525,
        "2024Q2": 7.9107686437543325,
        "2024Q3": 10.907530110203119,
        "2024Q4": 9.310812866389792,
        "2025Q1": 9.262392928025374
      }
    },
    {
      "rank": 6,
      "country": "Hong Kong",
      "total_value_2022_2025": 74.1,
      "q4_2024_value": 5.89,
      "share_percentage": 1.79,
      "growth_rate": -8.52,
      "trend": "Declining",
      "trend_class": "danger",
      "quarters_count": 9,
      "quarterly_breakdown": {
        "2023Q1": 10.597105577969911,
        "2023Q2": 13.16677190926577,
        "2023Q3": 10.43787194561835,
        "2023Q4": 9.849803910154478,
        "2024Q1": 5.52505364351397,
        "2024Q2": 4.72533371707081,
        "2024Q3": 8.52487080234067,
        "2024Q4": 5.888581333649634,
        "2025Q1": 5.387132915980573
      }
    },
    {
      "rank": 7,
      "country": "Pakistan",
      "total_value_2022_2025": 63.98,
      "q4_2024_value": 4.12,
      "share_percentage": 1.54,
      "growth_rate": 100.09,
      "trend": "Strong Growth",
      "trend_class": "success",
      "quarters_count": 9,
      "quarterly_breakdown": {
        "2023Q1": 9.879329342221114,
        "2023Q2": 7.023600300626356,
        "2023Q3": 8.179504367596714,
        "2023Q4": 5.2726985311520504,
        "2024Q1": 7.75755381889222,
        "2024Q2": 7.2790304533702965,
        "2024Q3": 6.222464768094116,
        "2024Q4": 4.120503691429071,
        "2025Q1": 8.244597284113098
      }
    },
    {
      "rank": 8,
      "country": "United States",
      "total_value_2022_2025": 56.29,
      "q4_2024_value": 8.97,
      "share_percentage": 1.36,
      "growth_rate": 19.65,
      "trend": "Strong Growth",
      "trend_class": "success",
      "quarters_count": 9,
      "quarterly_breakdown": {
        "2023Q1": 2.3647281627316357,
        "2023Q2": 2.1279334090145006,
        "2023Q3": 5.48607049545093,
        "2023Q4": 8.77847987795065,
        "2024Q1": 4.117622067279414,
        "2024Q2": 5.5490423278104055,
        "2024Q3": 8.162436107221113,
        "2024Q4": 8.968662533802249,
        "2025Q1": 10.730651522145862
      }
    },
    {
      "rank": 9,
      "country": "Uganda",
      "total_value_2022_2025": 55.6,
      "q4_2024_value": 7.5,
      "share_percentage": 1.34,
      "growth_rate": -21.67,
      "trend": "Declining",
      "trend_class": "danger",
      "quarters_count": 9,
      "quarterly_breakdown": {
        "2023Q1": 12.364758234083126,
        "2023Q2": 9.337270144222712,
        "2023Q3": 8.832121558256683,
        "2023Q4": 3.991475732094094,
        "2024Q1": 0.8953029853843494,
        "2024Q2": 2.2707756599056355,
        "2024Q3": 4.530275962154513,
        "2024Q4": 7.503907453648201,
        "2025Q1": 5.877565435846985
      }
    },
    {
      "rank": 10,
      "country": "Netherlands",
      "total_value_2022_2025": 43.57,
      "q4_2024_value": 5.76,
      "share_percentage": 1.05,
      "growth_rate": -14.33,
      "trend": "Declining",
      "trend_class": "danger",
      "quarters_count": 9,
      "quarterly_breakdown": {
        "2023Q1": 8.218430571869275,
        "2023Q2": 3.809927896027665,
        "2023Q3": 2.922899161699168,
        "2023Q4": 3.3143437773162563,
        "2024Q1": 2.8600439202236823,
        "2024Q2": 4.983824511721758,
        "2024Q3": 6.768982783635537,
        "2024Q4": 5.757676657700762,
        "2025Q1": 4.932765342330549
      }
    },
    {
      "rank": 11,
      "country": "India",
      "total_value_2022_2025": 37.53,
      "q4_2024_value": 6.18,
      "share_percentage": 0.91,
      "growth_rate": -49.93,
      "trend": "Declining",
      "trend_class": "danger",
      "quarters_count": 9,
      "quarterly_breakdown": {
        "2023Q1": 4.307349245087195,
        "2023Q2": 3.632231633334363,
        "2023Q3": 2.8909591273738675,
        "2023Q4": 3.841139987865056,
        "2024Q1": 5.142126849803897,
        "2024Q2": 5.816508728403508,
        "2024Q3": 2.628384490963714,
        "2024Q4": 6.180915322446874,
        "2025Q1": 3.0948020451011944
      }
    },
    {
      "rank": 12,
      "country": "South Sudan",
      "total_value_2022_2025": 33.56,
      "q4_2024_value": 2.83,
      "share_percentage": 0.81,
      "growth_rate": -5.25,
      "trend": "Declining",
      "trend_class": "danger",
      "quarters_count": 9,
      "quarterly_breakdown": {
        "2023Q1": 13.3919272451236,
        "2023Q2": 4.091295474268342,
        "2023Q3": 3.6389220688013095,
        "2023Q4": 2.3519109709758834,
        "2024Q1": 1.3471837649154572,
        "2024Q2": 1.8083983890896267,
        "2024Q3": 1.423493485472939,
        "2024Q4": 2.82811501740166,
        "2025Q1": 2.679672073598154
      }
    },
    {
      "rank": 13,
      "country": "Egypt",