{
  "generated_at": "2025-10-08T13:45:36.203257",
  "total_sources": 19,
  "total_import_value": 8908.1,
  "sources": [
    {
      "rank": 1,
      "source_country": "Tanzania",
      "total_value_2022_2025": 1890.48,
      "q4_2024_value": 298.93,
      "share_percentage": 21.22,
      "growth_rate": -49.39,
      "trend": "Declining",
      "trend_class": "danger",
      "quarters_count": 9,
      "quarterly_breakdown": {
        "2023Q1": 207.57694056551912,
        "2023Q2": 188.5889465176001,
        "2023Q3": 219.86143958272297,
        "2023Q4": 227.42777279833592,
        "2024Q1": 170.99585811588764,
        "2024Q2": 158.17287476197578,
        "2024Q3": 267.6228652908818,
        "2024Q4": 298.9341436521392,
        "2025Q1": 151.3010633501802
      }
    },
    {
      "rank": 2,
      "source_country": "Kenya",
      "total_value_2022_2025": 1337.1,
      "q4_2024_value": 211.22,
      "share_percentage": 15.01,
      "growth_rate": -35.92,
      "trend": "Declining",
      "trend_class": "danger",
      "quarters_count": 9,
      "quarterly_breakdown": {
        "2023Q1": 122.35774641909303,
        "2023Q2": 110.69071275319526,
        "2023Q3": 127.0095206389752,
        "2023Q4": 70.63943319377401,
        "2024Q1": 99.54162459980276,
        "2024Q2": 245.0814926833845,
        "2024Q3": 215.20945217095618,
        "2024Q4": 211.22111726016598,
        "2025Q1": 135.34651134853993
      }
    },
    {
      "rank": 3,
      "source_country": "India",
      "total_value_2022_2025": 1268.46,
      "q4_2024_value": 101.83,
      "share_percentage": 14.24,
      "growth_rate": 13.57,
      "trend": "Strong Growth",
      "trend_class": "success",
      "quarters_count": 9,
      "quarterly_breakdown": {
        "2023Q1": 173.47523266651348,
        "2023Q2": 183.28537288221338,
        "2023Q3": 165.86054707454176,
        "2023Q4": 115.35976104021601,
        "2024Q1": 144.46460702484745,
        "2024Q2": 151.50913832230583,
        "2024Q3": 117.02246852171643,
        "2024Q4": 101.828859235935,
        "2025Q1": 115.65179035966133
      }
    },
    {
      "rank": 4,
      "source_country": "United Arab Emirates",
      "total_value_2022_2025": 796.43,
      "q4_2024_value": 96.64,
      "share_percentage": 8.94,
      "growth_rate": -16.09,
      "trend": "Declining",
      "trend_class": "danger",
      "quarters_count": 9,
      "quarterly_breakdown": {
        "2023Q1": 90.09586207492713,
        "2023Q2": 72.39933752442451,
        "2023Q3": 89.43228939748072,
        "2023Q4": 86.50304344546247,
        "2024Q1": 96.61522130432428,
        "2024Q2": 95.90520612910616,
        "2024Q3": 87.7576556632927,
        "2024Q4": 96.63555229033568,
        "2025Q1": 81.08823531817124
      }
    },
    {
      "rank": 5,
      "source_country": "Cameroon",
      "total_value_2022_2025": 646.32,
      "q4_2024_value": 18.67,
      "share_percentage": 7.26,
      "growth_rate": 214.01,
      "trend": "Strong Growth",
      "trend_class": "success",
      "quarters_count": 9,
      "quarterly_breakdown": {
        "2023Q1": 0.008959250748744653,
        "2023Q2": 118.340441545014,
        "2023Q3": 33.71072717322035,
        "2023Q4": 41.85928240601458,
        "2024Q1": 86.86583556187436,
        "2024Q2": 126.01823523888415,
        "2024Q3": 162.23612945748724,
        "2024Q4": 18.665667207985813,
        "2025Q1": 58.61116890319137
      }
    },
    {
      "rank": 6,
      "source_country": "Uganda",
      "total_value_2022_2025": 541.7,
      "q4_2024_value": 75.13,
      "share_percentage": 6.08,
      "growth_rate": -21.29,
      "trend": "Declining",
      "trend_class": "danger",
      "quarters_count": 9,
      "quarterly_breakdown": {
        "2023Q1": 52.18730731292682,
        "2023Q2": 45.426258154282344,
        "2023Q3": 58.18977371026045,
        "2023Q4": 71.11798846702453,
        "2024Q1": 60.23770823619534,
        "2024Q2": 56.84415799741327,
        "2024Q3": 63.42921815814832,
        "2024Q4": 75.13444643544562,
        "2025Q1": 59.135891598864404
      }
    },
    {
      "rank": 7,
      "source_country": "South Africa",
      "total_value_2022_2025": 313.49,
      "q4_2024_value": 55.75,
      "share_percentage": 3.52,
      "growth_rate": -67.26,
      "trend": "Declining",
      "trend_class": "danger",
      "quarters_count": 9,
      "quarterly_breakdown": {
        "2023Q1": 25.223703968642564,
        "2023Q2": 25.230211140121416,
        "2023Q3": 35.961088791730326,
        "2023Q4": 78.79409780534829,
        "2024Q1": 46.94237389330478,
        "2024Q2": 12.480575221118826,
        "2024Q3": 14.858578253889641,
        "2024Q4": 55.74539990722043,
        "2025Q1": 18.253382308788634
      }
    },
    {
      "rank": 8,
      "source_country": "Turkey",
      "total_value_2022_2025": 275.24,
      "q4_2024_value": 15.57,
      "share_percentage": 3.09,
      "growth_rate": -4.26,
      "trend": "Declining",
      "trend_class": "danger",
      "quarters_count": 9,
      "quarterly_breakdown": {
        "2023Q1": 33.076978354750686,
        "2023Q2": 42.94638007794604,
        "2023Q3": 70.04973934310979,
        "2023Q4": 50.82922333003194,
        "2024Q1": 13.106193606111287,
        "2024Q2": 17.7993048982778,
        "2024Q3": 16.9541586160437,
        "2024Q4": 15.569346958946474,
        "2025Q1": 14.906112714735862
      }
    },
    {
      "rank": 9,
      "source_country": "Malaysia",
      "total_value_2022_2025": 253.64,
      "q4_2024_value": 42.42,
      "share_percentage": 2.85,
      "growth_rate": 6.56,
      "trend": "Strong Growth",
      "trend_class": "success",
      "quarters_count": 9,
      "quarterly_breakdown": {
        "2023Q1": 22.21036854247413,
        "2023Q2": 21.763361711793035,
        "2023Q3": 25.424301585912623,
        "2023Q4": 20.602130841103186,
        "2024Q1": 21.386757122770508,
        "2024Q2": 18.82293869811499,
        "2024Q3": 35.8059811988748,
        "2024Q4": 42.418297164568905,
        "2025Q1": 45.2021534653468
      }
    },
    {
      "rank": 10,
      "source_country": "Japan",
      "total_value_2022_2025": 239.31,
      "q4_2024_value": 28.01,
      "share_percentage": 2.69,
      "growth_rate": 22.7,
      "trend": "Strong Growth",
      "trend_class": "success",
      "quarters_count": 9,
      "quarterly_breakdown": {
        "2023Q1": 22.66832102678733,
        "2023Q2": 23.00445227422835,
        "2023Q3": 26.3924097406875,
        "2023Q4": 25.830732342660898,
        "2024Q1": 23.40074915373279,
        "2024Q2": 26.38406403704202,
        "2024Q3": 29.245241400173086,
        "2024Q4": 28.014673224010757,
        "2025Q1": 34.373522670941654
      }
    },
    {
      "rank": 11,
      "source_country": "Germany",
      "total_value_2022_2025": 227.67,
      "q4_2024_value": 21.65,
      "share_percentage": 2.56,
      "growth_rate": 6.26,
      "trend": "Strong Growth",
      "trend_class": "success",
      "quarters_count": 9,
      "quarterly_breakdown": {
        "2023Q1": 33.39505267385827,
        "2023Q2": 28.023489013967392,
        "2023Q3": 36.440858257122784,
        "2023Q4": 15.677711125051427,
        "2024Q1": 16.301953121765976,
        "2024Q2": 33.20082627504323,
        "2024Q3": 19.975466733787087,
        "2024Q4": 21.650713805990826,
        "2025Q1": 23.005043177136844
      }
    },
    {
      "rank": 12,
      "source_country": "United States",
      "total_value_2022_2025": 201.21,
      "q4_2024_value": 18.69,
      "share_percentage": 2.26,
      "growth_rate": 99.41,
      "trend": "Strong Growth",
      "trend_class": "success",
      "quarters_count": 9,
      "quarterly_breakdown": {
        "2023Q1": 19.569163530405014,
        "2023Q2": 20.926051524888187,
        "2023Q3": 23.034466917136907,
        "2023Q4": 16.79292671548245,
        "2024Q1": 21.181736679360082,
        "2024Q2": 21.308257442898302,
        "2024Q3": 22.428503868409795,
        "2024Q4": 18.69338985906637,